{
  "average_frame_build_time_millis": 2.0541428571428573,
  "90th_percentile_frame_build_time_millis": 2.662,
  "99th_percentile_frame_build_time_millis": 6.895,
  "worst_frame_build_time_millis": 6.895,
  "missed_frame_build_budget_count": 0,
  "average_frame_rasterizer_time_millis": 6.323857142857142,
  "90th_percentile_frame_rasterizer_time_millis": 18.46,
  "99th_percentile_frame_rasterizer_time_millis": 21.097,
  "worst_frame_rasterizer_time_millis": 21.097,
  "missed_frame_rasterizer_budget_count": 2,
  "frame_count": 14,
  "frame_build_times": [
    6895,
    2269,
    896,
    803,
    1337,
    1310,
    2662,
    2511,
    1681,
    1815,
    2246,
    1941,
    993,
    1399
  ],
  "frame_rasterizer_times": [
    3981,
    18460,
    21097,
    3244,
    10108,
    1392,
    3062,
    4442,
    3124,
    3700,
    4306,
    3858,
    4639,
    3121
  ]
}