{
  "average_frame_build_time_millis": 5.0200000000000005,
  "90th_percentile_frame_build_time_millis": 6.092,
  "99th_percentile_frame_build_time_millis": 14.134,
  "worst_frame_build_time_millis": 14.134,
  "missed_frame_build_budget_count": 0,
  "average_frame_rasterizer_time_millis": 4.592581395348837,
  "90th_percentile_frame_rasterizer_time_millis": 5.518,
  "99th_percentile_frame_rasterizer_time_millis": 12.162,
  "worst_frame_rasterizer_time_millis": 12.162,
  "missed_frame_rasterizer_budget_count": 0,
  "frame_count": 43,
  "frame_build_times": [
    6240,
    8051,
    4358,
    4700,
    4324,
    1770,
    6092,
    4280,
    3642,
    5977,
    3571,
    5231,
    4734,
    3080,
    5168,
    3219,
    4903,
    5271,
    4833,
    5818,
    3438,
    4896,
    3117,
    4727,
    4674,
    4729,
    4545,
    4005,
    4364,
    4417,
    5400,
    14134,
    4752,
    4575,
    4829,
    4391,
    4692,
    4408,
    4237,
    5143,
    11861,
    5162,
    4102
  ],
  "frame_rasterizer_times": [
    3615,
    3891,
    3932,
    6893,
    3258,
    3870,
    4142,
    4229,
    3185,
    4054,
    4735,
    3603,
    3919,
    3820,
    5518,
    4527,
    4867,
    3830,
    4038,
    4754,
    4392,
    4501,
    4224,
    12162,
    3962,
    5319,
    4367,
    4014,
    9828,
    3535,
    4917,
    4863,
    4380,
    4158,
    4189,
    4503,
    4282,
    4234,
    4291,
    3720,
    3532,
    3751,
    5677
  ]
}