{
  "average_frame_build_time_millis": 4.644177777777776,
  "90th_percentile_frame_build_time_millis": 5.911,
  "99th_percentile_frame_build_time_millis": 12.042,
  "worst_frame_build_time_millis": 12.042,
  "missed_frame_build_budget_count": 0,
  "average_frame_rasterizer_time_millis": 4.467688888888889,
  "90th_percentile_frame_rasterizer_time_millis": 5.482,
  "99th_percentile_frame_rasterizer_time_millis": 8.479,
  "worst_frame_rasterizer_time_millis": 8.479,
  "missed_frame_rasterizer_budget_count": 0,
  "frame_count": 45,
  "frame_build_times": [
    5911,
    2620,
    4160,
    3876,
    1437,
    4214,
    6040,
    4389,
    5191,
    3203,
    5901,
    5075,
    5387,
    3114,
    4813,
    5148,
    3113,
    4829,
    2783,
    5095,
    2727,
    5452,
    4997,
    6342,
    4161,
    2741,
    3983,
    3338,
    4506,
    5081,
    3539,
    3962,
    12042,
    5592,
    4202,
    5320,
    5012,
    4719,
    4593,
    4834,
    4600,
    4771,
    5998,
    5210,
    4967
  ],
  "frame_rasterizer_times": [
    4348,
    3787,
    3436,
    5293,
    3100,
    4220,
    4498,
    4296,
    4723,
    3991,
    4470,
    3907,
    4035,
    4029,
    4234,
    5131,
    4189,
    4591,
    3752,
    3666,
    4239,
    4522,
    4380,
    3939,
    8479,
    5583,
    4384,
    3877,
    4191,
    3884,
    4251,
    3895,
    7512,
    3997,
    4358,
    5178,
    4032,
    4266,
    3900,
    4527,
    5843,
    4184,
    4281,
    4166,
    5482
  ]
}